{
  "bias": 89.84038052009649,
  "w_0": -41.3435371423256,
  "w_1": -100.94156485741473,
  "w_2": 851.8409212580018,
  "w_3": -124.019246037605,
  "w_4": -39.17928659276649,
  "w_5": -87.31975569773635,
  "w_6": 103.68154107829616,
  "w_7": -152.19193543444828,
  "w_8": 47.42117748226802,
  "w_9": -18.055669522948364,
  "w_10": 89.84038051998463
}